	TE_20210719.3.ser\n54_dB_-_100_mM_acetone_w_20_%_naphthalene_in_CDCl3_1	TE_20210719.3.ser\n54_dB_-_100_mM_acetone_w_20_%_naphthalene_in_CDCl3_2	
0.560907	13.5215	27.1462	
0.562811	17.7334	56.3763	
0.564715	21.9443	85.6063	
0.566619	6.08496	69.1038	
0.568523	-9.77441	52.6012	
0.570427	8.77246	105.129	
0.572331	27.3203	157.657	
0.574235	-5.74219	127.348	
0.576139	-38.8057	97.0395	
0.578043	31.3525	58.1021	
0.579946	101.511	19.1646	
0.58185	173.103	55.2977	
0.583754	244.694	-46.63	
0.585658	167.189	-48.4636	
0.587562	89.6836	32.5392	
0.589466	96.4033	-42.5853	
0.59137	103.124	-117.71	
0.593274	135.649	-91.0143	
0.595178	168.175	-64.319	
0.597081	169.16	15.012	
0.598985	32.5176	94.343	
0.600889	85.1133	77.0314	
0.602793	137.71	59.7199	
0.604697	103.571	69.5891	
0.606601	207.062	79.4583	
0.608505	238.87	89.3275	
0.610409	133.051	99.1967	
0.612313	18.6289	90.0825	
0.614217	41.8359	80.9683	
0.61612	13.4326	144.336	
0.618024	-14.9717	69.6431	
0.619928	5.12207	158.25	
0.621832	25.2148	164.021	
0.623736	79.7148	138.727	
0.62564	134.216	113.434	
0.627544	103.057	139.051	
0.629448	71.8975	164.668	
0.631352	23.5352	109.174	
0.633256	-24.8281	53.6797	
0.635159	38.0947	-66.9616	
0.637063	101.018	60.9064	
0.638967	97.9941	85.2288	
0.640871	94.9697	-28.5095	
0.642775	129.579	2.71594	
0.644679	26.5586	33.9414	
0.646583	0.955078	56.538	
0.648487	-24.6484	79.1347	
0.650391	-33.5859	51.2529	
0.652295	-42.5244	23.3711	
0.654198	5.88281	-4.51068	
0.656102	54.291	-32.3925	
0.658006	55.7471	-5.04999	
0.65991	57.2031	22.2925	
0.661814	75.8623	96.2305	
0.663718	94.5215	170.169	
0.665622	53.8652	68.7263	
0.667526	13.208	50.1204	
0.66943	29.8965	81.5616	
0.671334	46.585	30.1663	
0.673237	66.499	-18.6403	
0.675141	86.4131	70.6138	
0.677045	48.9814	123.627	
0.678949	11.5508	93.8036	
0.680853	23.5293	47.1003	
0.682757	35.5078	0.396973	
0.684661	90.4951	45.1588	
0.686565	145.483	89.9207	
0.688469	52.0898	25.0969	
0.690372	96.3252	-39.7269	
0.692276	97.5518	-35.5204	
0.69418	98.7783	-31.3138	
0.696084	79.7539	25.3126	
0.697988	60.7305	81.9391	
0.699892	41.707	41.923	
0.701796	22.6836	1.90698	
0.7037	14.4121	14.5266	
0.705604	6.14062	27.1462	
0.707508	-79.5469	39.7658	
0.709411	-27.6055	52.3854	
0.711315	-11.3262	66.2994	
0.713219	4.9541	80.2133	
0.715123	29.835	-74.9971	
0.717027	54.7158	-92.1469	
0.718931	63.8281	-79.9587	
0.720835	72.9395	15.0659	
0.722739	39.042	72.1238	
0.724643	142.772	129.182	
0.726547	66.0449	132.957	
0.72845	-10.6816	136.732	
0.730354	-98.8779	62.8478	
0.732258	-49.4463	-11.0362	
0.734162	-42.6641	104.913	
0.736066	-35.8828	82.8019	
0.73797	-11.8975	69.3195	
0.739874	12.0879	55.837	
0.741778	56.6201	47.2756	
0.743682	-36.4756	38.7142	
0.745586	-60.7578	30.1528	
0.747489	-85.04	21.5914	
0.749393	12.1777	39.7793	
0.751297	-28.2324	57.9672	
0.753201	8.77246	7.12469	
0.755105	45.7783	-43.7178	
0.757009	43.8965	-33.0801	
0.758913	42.0156	-22.4424	
0.760817	40.1338	29.6135	
0.762721	38.252	81.6694	
0.764624	42.1045	55.2033	
0.766528	45.958	28.7372	
0.768432	15.4033	2.271	
0.770336	-15.1504	-24.1951	
0.77224	-29.2627	5.47986	
0.774144	-43.375	35.1548	
0.776048	-0.142578	32.0403	
0.777952	43.0908	28.9259	
0.779856	6.04004	-43.2189	
0.78176	-31.0107	22.697	
0.783663	66.7002	10.9537	
0.785567	26.7832	-0.78949	
0.787471	-6.8623	-51.3624	
0.789375	-40.5078	-101.935	
0.791279	-25.4102	-55.8655	
0.793183	-10.3125	-9.79584	
0.795087	12.6709	33.6852	
0.796991	35.6533	77.1663	
0.798895	24.2295	51.6169	
0.800799	12.8047	26.0676	
0.802702	18.3438	0.653137	
0.804606	23.8818	-24.7614	
0.80651	20.8184	-8.75769	
0.808414	17.7559	7.24603	
0.810318	140.135	51.7248	
0.812222	124.886	96.2036	
0.814126	98.168	137.231	
0.81603	71.4492	95.4216	
0.817934	134.333	132.997	
0.819838	59.5879	32.5123	
0.821741	142.543	-42.0864	
0.823645	225.497	-33.8486	
0.825549	218.133	20.9847	
0.827453	210.77	75.818	
0.829357	237.813	66.7982	
0.831261	264.855	57.7784	
0.833165	271.245	78.4741	
0.835069	277.635	99.1697	
0.836973	318.432	119.865	
0.838877	359.229	140.561	
0.84078	368.485	251.859	
0.842684	377.742	363.157	
0.844588	467.282	438.214	
0.846492	556.822	513.271	
0.848396	619.482	455.013	
0.8503	682.143	479.592	
0.852204	718.996	476.558	
0.854108	618.223	611.585	
0.856012	619.236	595.609	
0.857915	620.25	579.632	
0.859819	555.316	572.284	
0.861723	490.383	564.936	
0.863627	391.574	489.65	
0.865531	292.766	414.363	
0.867435	288.577	380.495	
0.869339	284.389	346.627	
0.871243	316.757	261.849	
0.873147	211.497	177.072	
0.875051	183.653	216.548	
0.876954	155.81	256.025	
0.878858	172.767	207.272	
0.880762	189.724	158.52	
0.882666	135	178.797	
0.88457	80.2754	199.075	
0.886474	36.3027	185.7	
0.888378	129.959	172.326	
0.890282	137.598	158.951	
0.892186	145.236	145.576	
0.89409	212.191	154.637	
0.895993	141.519	163.697	
0.897897	148.261	131.339	
0.899801	155.003	98.981	
0.901705	225.542	120.984	
0.903609	296.081	142.988	
0.905513	263.399	164.991	
0.907417	230.717	186.995	
0.909321	243.015	185.916	
0.911225	255.313	184.837	
0.913129	267.61	183.759	
0.915032	279.908	182.68	
0.916936	300.091	244.592	
0.91884	320.273	306.503	
0.920744	306.05	249.338	
0.922648	291.825	330.233	
0.924552	368.748	303.564	
0.926456	445.672	276.896	
0.92836	519.728	258.856	
0.930264	456.155	240.817	
0.932168	458.529	260.744	
0.934071	460.904	280.671	
0.935975	512.021	300.598	
0.937879	563.14	320.525	
0.939783	589.349	333.118	
0.941687	615.557	345.711	
0.943591	607.358	391.093	
0.945495	599.159	436.475	
0.947399	659.775	635.449	
0.949303	720.391	696.363	
0.951206	867.024	738.294	
0.95311	876.029	780.224	
0.955014	957.254	817.948	
0.956918	1176.11	855.672	
0.958822	1386.36	893.396	
0.960726	1458.98	931.12	
0.96263	1495.76	1081.02	
0.964534	1532.54	1230.92	
0.966438	1686.88	1380.82	
0.968342	1841.22	1530.71	
0.970245	2064.37	1669.39	
0.972149	2287.53	1808.08	
0.974053	2553.69	2015.79	
0.975957	2819.85	2223.5	
0.977861	3237.98	2520.09	
0.979765	3426.73	2816.67	
0.981669	3517.99	3154.68	
0.983573	3609.25	3492.69	
0.985477	3547.98	3599.01	
0.987381	3349.08	3705.33	
0.989284	3072.78	3632.18	
0.991188	2658.84	3559.02	
0.993092	2288.62	3290.85	
0.994996	2056.04	3022.69	
0.9969	1763.25	2735.54	
0.998804	1608.08	2310.33	
1.00071	1445.38	2038.71	
1.00261	1282.69	1767.09	
1.00452	1128.59	1555.87	
1.00642	974.502	1344.66	
1.00832	898.542	1169.68	
1.01023	822.582	994.704	
1.01213	712.215	924.999	
1.01404	601.848	855.295	
1.01594	484.85	673.2	
1.01784	367.853	629.167	
1.01975	322.536	631.728	
1.02165	277.22	634.29	
1.02355	141.585	575.587	
1.02546	235.331	516.884	
1.02736	311.874	458.182	
1.02927	250.787	399.479	
1.03117	189.522	344.443	
1.03307	128.257	289.408	
1.03498	161.611	303.403	
1.03688	194.966	317.397	
1.03879	172.408	225.258	
1.04069	149.851	133.119	
1.04259	127.294	160.057	
1.0445	104.736	186.995	
1.0464	122.388	202.095	
1.04831	140.04	134.359	
1.05021	157.691	76.9775	
1.05211	175.343	157.657	
1.05402	149.985	150.322	
1.05592	124.628	142.988	
1.05782	156.616	75.2518	
1.05973	188.604	7.51569	
1.06163	146.401	59.0728	
1.06354	104.199	110.63	
1.06544	127.943	93.1565	
1.06734	151.687	75.6832	
1.06925	68.627	52.1697	
1.07115	123.194	28.6562	
1.07306	130.452	5.14276	
1.07496	68.8955	-18.3707	
1.07686	101.779	29.3304	
1.07877	-2.96484	77.0314	
1.08067	-15.957	0.477844	
1.08258	39.8652	61.985	
1.08448	35.4746	87.2512	
1.08638	31.084	29.6809	
1.08829	30.9941	27.335	
1.09019	30.9043	24.989	
1.09209	9.84766	6.03265	
1.094	-11.208	-12.9238	
1.0959	0.708984	9.53809	
1.09781	81.4404	31.9999	
1.09971	110.561	35.4784	
1.10161	2.05273	38.9569	
1.10352	-10.4023	42.4354	
1.10542	-22.8564	45.9139	
1.10733	-101.841	8.99878	
1.10923	48.5557	-27.9163	
1.11113	112.936	4.19904	
1.11304	39.6855	36.3143	
1.11494	11.5957	21.8341	
1.11685	-16.4951	7.35394	
1.11875	-53.1865	-7.12628	
1.12065	-89.8789	-21.6065	
1.12256	-68.5088	-45.7941	
1.12446	-47.1387	-69.9817	
1.12637	-25.7686	-52.751	
1.12827	-4.39844	-35.5204	
1.13017	15.5381	-20.0156	
1.13208	35.4746	-4.51068	
1.13398	-1.93457	-49.4073	
1.13588	-39.3438	-94.3041	
1.13779	-63.1328	-142.679	
1.13969	-86.9219	-52.9937	
1.1416	-53.3662	-40.9673	
1.1435	-19.8105	-28.941	
1.1454	-7.04199	-27.2691	
1.14731	5.72656	-25.5973	
1.14921	18.4951	-23.9255	
1.15112	31.2627	-22.2537	
1.15302	68.9404	6.16748	
1.15492	106.618	34.5886	
1.15683	64.0127	-6.02069	
1.15873	21.4072	-46.63	
1.16064	26.1113	-63.0786	
1.16254	30.8154	-79.5273	
1.16444	35.5195	-26.9456	
1.16635	40.2236	25.6362	
1.16825	42.5078	26.7283	
1.17015	44.793	27.8204	
1.17206	81.4844	28.9124	
1.17396	118.177	30.0045	
1.17587	86.7715	16.4276	
1.17777	55.3662	2.85077	
1.17967	32.5625	3.07996	
1.18158	9.75879	141.37	
1.18348	-28.2773	202.432	
1.18539	71.3154	180.658	
1.18729	50.4824	145.078	
1.18919	98.4648	109.497	
1.1911	132.11	96.3519	
1.193	96.9414	83.2064	
1.19491	10.1621	70.061	
1.19681	152.763	56.9156	
1.19871	122.433	53.4775	
1.20062	92.1025	50.0395	
1.20252	110.516	46.6014	
1.20442	128.929	43.1634	
1.20633	74.9443	40.5883	
1.20823	20.959	38.0131	
1.21014	-33.0264	35.4379	
1.21204	-87.0117	32.8628	
1.21394	-64.6562	111.398	
1.21585	-42.2998	189.934	
1.21775	17.3301	121.78	
1.21966	145.774	53.6259	
1.22156	159.528	-16.2539	
1.22346	104.468	-3.29724	
1.22537	58.0088	18.2882	
1.22727	80.3652	-42.9628	
1.22918	32.6738	-75.6982	
1.23108	53.7979	29.627	
1.23298	20.4434	-16.9146	
1.23489	124.718	-63.4561	
1.23679	60.54	-12.4923	
1.2387	-3.63672	38.4715	
1.2406	22.5039	48.0171	
1.2425	-20.1689	57.5627	
1.24441	-94.3809	44.6735	
1.24631	-30.9658	31.7842	
1.24821	89.7949	60.3132	
1.25012	72.9277	88.8421	
1.25202	35.2725	50.9293	
1.25393	66.4316	13.0165	
1.25583	127.697	16.522	
1.25773	51.334	20.0275	
1.25964	14.3955	4.22595	
1.26154	-22.543	-11.5755	
1.26345	-33.6758	-27.377	
1.26535	-44.8086	-43.1785	
1.26725	-69.5615	-37.408	
1.26916	-94.3145	-31.6375	
1.27106	-153.474	43.1634	
1.27297	-212.634	117.964	
1.27487	-138.466	55.1359	
1.27677	-64.2979	-7.69257	
1.27868	-70.4131	26.1215	
1.28058	-76.5283	59.9357	
1.28248	-57.5547	29.0338	
1.28439	-38.582	-1.8681	
1.28629	-45.4141	36.2604	
1.2882	-52.2461	74.3889	
1.2901	-95.792	60.1379	
1.292	-1.71094	45.8869	
1.29391	14.9551	36.8132	
1.29581	31.6211	27.7394	
1.29772	83.4111	-76.251	
1.29962	135.201	-97.405	
1.30152	-5.11523	-40.8999	
1.30343	-7.80371	15.6052	
1.30533	30.0088	10.1987	
1.30724	67.8203	4.79224	
1.30914	-0.456055	45.9813	
1.31104	-68.7324	4.33386	
1.31295	-75.3633	-14.0158	
1.31485	-81.9941	-32.3655	
1.31675	-88.624	-33.4576	
1.31866	-95.2549	48.2867	
1.32056	-31.2793	56.7943	
1.32247	32.6963	65.3017	
1.32437	27.8584	120.405	
1.32627	23.0195	175.508	
1.32818	-14.792	171.072	
1.33008	-52.6045	166.636	
1.33199	-56.0088	162.2	
1.33389	-59.4141	157.765	
1.33579	-52.7832	100.046	
1.3377	-46.1533	42.3275	
1.3396	-5.11523	-36.1002	
1.34151	35.9219	23.5329	
1.34341	63.3408	87.4803	
1.34531	90.7588	-41.8572	
1.34722	63.6992	-71.1007	
1.34912	36.6387	-183.181	
1.35103	-93.8213	-210.173	
1.35293	5.09961	-154.328	
1.35483	9.40039	-108.838	
1.35674	13.7012	-63.3483	
1.35864	-5.65332	-46.3334	
1.36054	-25.0068	-29.3185	
1.36245	33.0547	-7.12628	
1.36435	91.1172	15.0659	
1.36626	-48.6621	-79.2307	
1.36816	-50.8125	-90.6908	
1.37006	30.1875	-131.489	
1.37197	111.188	-89.4504	
1.37387	164.232	-37.0574	
1.37578	217.276	-67.5009	
1.37768	235.914	-123.831	
1.37958	254.551	-42.0999	
1.38149	187.35	-105.333	
1.38339	120.148	-168.566	
1.3853	121.761	-200.735	
1.3872	123.374	-150.068	
1.3891	138.606	-111.481	
1.39101	153.838	-72.8939	
1.39291	169.07	-75.7252	
1.39481	184.303	4.27991	
1.39672	136.456	57.1043	
1.39862	88.6084	109.929	
1.40053	40.7607	104.077	
1.40243	-7.08691	98.226	
1.40433	40.4023	49.2305	
1.40624	87.8916	83.0716	
1.40814	100.974	37.5277	
1.41005	114.055	-8.01611	
1.41195	182.152	-37.5428	
1.41385	250.25	70.9913	
1.41576	203.657	101.866	
1.41766	157.064	132.741	
1.41957	147.745	84.2311	
1.42147	138.427	35.7211	
1.42337	94.7012	-59.3844	
1.42528	50.9756	-71.6535	
1.42718	54.7383	-106.357	
1.42908	58.502	-141.061	
1.43099	-52.4248	-82.5743	
1.43289	-163.353	-106.924	
1.4348	-167.474	-9.60706	
1.4367	-171.596	87.7096	
1.4386	-106.903	33.1594	
1.44051	-42.2109	-21.3907	
1.44241	-50.0957	-90.8256	
1.44432	-57.9805	-77.424	
1.44622	-65.8652	-74.377	
1.44812	-73.75	-71.3299	
1.45003	-45.0781	36.9885	
1.45193	-16.4053	62.4703	
1.45384	-99.5557	27.5507	
1.45574	-45.0781	75.4675	
1.45764	-26.2617	-9.93066	
1.45955	-7.44531	42.732	
1.46145	88.7871	-18.5055	
1.46335	185.02	-79.743	
1.46526	211.721	-57.2811	
1.46716	238.423	-34.8193	
1.46907	196.31	-58.953	
1.47097	154.196	-0.250183	
1.47287	136.321	-49.0568	
1.47478	118.445	-97.8635	
1.47668	160.782	-44.8503	
1.47859	203.119	8.16284	
1.48049	258.359	78.4336	
1.48239	175.97	148.704	
1.4843	93.5811	122.333	
1.4862	148.82	95.9609	
1.48811	172.162	79.0808	
1.49001	195.503	62.2007	
1.49191	167.233	-1.2749	
1.49382	138.965	18.086	
1.49572	82.0225	59.8817	
1.49763	162.709	101.677	
1.49953	165.979	153.828	
1.50143	169.25	205.978	
1.50334	174.133	165.8	
1.50524	179.017	208.459	
1.50714	115.086	199.345	
1.50905	51.1543	273.067	
1.51095	142.056	249.284	
1.51286	232.957	225.501	
1.51476	255.044	165.477	
1.51666	277.131	243.513	
1.51857	233.987	282.289	
1.52047	190.844	238.228	
1.52238	147.7	130.314	
1.52428	104.558	22.4004	
1.52618	82.918	-3.53992	
1.52809	61.2793	53.3562	
1.52999	31.0391	63.6568	
1.5319	138.427	73.9575	
1.5338	89.7734	21.8611	
1.5357	41.1191	-30.2353	
1.53761	111.457	-23.6558	
1.53951	181.794	148.596	
1.54141	190.485	87.8714	
1.54332	130.362	27.1462	
1.54522	104.646	128.642	
1.54713	216.56	230.139	
1.54903	177.583	211.695	
1.55093	207.42	193.251	
1.55284	275.966	81.6155	
1.55474	344.511	135.653	
1.55665	365.747	162.942	
1.55855	386.982	190.23	
1.56045	353.74	76.0068	
1.56236	320.498	-38.2169	
1.56426	217.187	-11.4677	
1.56617	343.257	15.2816	
1.56807	331.698	83.4491	
1.56997	457.768	151.617	
1.57188	558.749	243.945	
1.57378	659.73	336.273	
1.57568	743.508	470.019	
1.57759	827.286	603.765	
1.57949	923.608	581.762	
1.5814	1157.56	559.759	
1.5833	1355.67	568.819	
1.5852	1691.41	743.552	
1.58711	1898.83	805.248	
1.58901	2175.08	866.944	
1.59092	2512.97	949.349	
1.59282	2988.48	1031.75	
1.59472	3092.47	1023.64	
1.59663	3334.08	1181.19	
1.59853	3512.61	1407.78	
1.60044	3828.77	1634.37	
1.60234	4162.13	1860.09	
1.60424	4724.88	2251.49	
1.60615	5336.37	2774.04	
1.60805	5947.85	3462.27	
1.60996	6349.67	4182.85	
1.61186	6889.12	4903.44	
1.61376	7437.17	5775.89	
1.61567	8489.86	6648.34	
1.61757	9697.38	7422.43	
1.61947	11317.8	8472.63	
1.62138	12972.6	9553.9	
1.62328	15040.3	10800.8	
1.62519	17242.2	11937.2	
1.62709	19948.8	13349.7	
1.62899	22798.7	14976.2	
1.6309	27162.5	17431.1	
1.6328	32874	20393.3	
1.63471	42117.9	24404.8	
1.63661	56448.3	29748.6	
1.63851	81651.4	37798.4	
1.64042	119149	49688	
1.64232	158069	69695.6	
1.64423	174630	101728	
1.64613	165822	137903	
1.64803	140045	159113	
1.64994	105965	157626	
1.65184	80991	141429	
1.65374	62302.1	111371	
1.65565	49494.6	85749.4	
1.65755	39485.7	66589.3	
1.65946	31913.8	52019.7	
1.66136	25764.2	41481.5	
1.66326	21340.6	33604.4	
1.66517	17513.5	27439.3	
1.66707	14661.2	22758.3	
1.66898	12221.8	18905.7	
1.67088	10590.6	15706.7	
1.67278	9097	12894.2	
1.67469	8079.39	10565	
1.67659	7199.41	8732.85	
1.6785	6590.39	7371.79	
1.6804	5751.98	6507.75	
1.6823	5021.1	5961.25	
1.68421	4221.41	5414.75	
1.68611	3541.42	4974.39	
1.68801	2861.43	4534.02	
1.68992	2340.57	4052.24	
1.69182	1888.53	3570.45	
1.69373	1569.82	3307.84	
1.69563	1182.29	3045.23	
1.69753	1133.1	2879.26	
1.69944	1015.09	2713.29	
1.70134	956.223	2555.52	
1.70325	966.169	2397.75	
1.70515	1110.88	2198.56	
1.70705	1117.95	1999.37	
1.70896	1287.03	1779.47	
1.71086	1226.73	1559.57	
1.71277	1249.58	1463.92	
1.71467	1134.8	1368.28	
1.71657	1094.57	1232.21	
1.71848	1054.34	1096.15	
1.72038	1074.32	1018.76	
1.72229	1094.3	1107.04	
1.72419	1079.87	1057.26	
1.72609	1065.45	1007.49	
1.728	936.331	1009.48	
1.7299	807.215	1011.48	
1.7318	718.24	1002.69	
1.73371	629.266	993.895	
1.73561	654.981	943.686	
1.73752	680.697	893.477	
1.73942	730.785	919.202	
1.74132	780.872	944.926	
1.74323	716.27	929.233	
1.74513	651.666	913.539	
1.74704	612.869	872.283	
1.74894	574.071	831.026	
1.75084	535.273	720.74	
1.75275	496.476	610.453	
1.75465	500.687	633.912	
1.75656	504.898	657.372	
1.75846	509.109	601.446	
1.76036	513.321	545.521	
1.76227	518.607	579.335	
1.76417	523.894	447.476	
1.76607	464.667	408.809	
1.76798	405.44	370.141	
1.76988	323.275	333.199	
1.77179	309.925	296.257	
1.77369	369.689	259.315	
1.77559	291.825	222.373	
1.7775	225.99	136.799	
1.7794	160.155	51.226	
1.78131	243.418	62.2951	
1.78321	189.052	73.3642	
1.78511	242.925	146.561	
1.78702	296.798	219.757	
1.78892	261.786	103.12	
1.79083	226.774	152.156	
1.79273	201.439	167.971	
1.79463	176.104	183.786	
1.79654	228.186	209.955	
1.79844	142.638	236.125	
1.80034	148.843	232.094	
1.80225	155.048	228.062	
1.80415	152.651	224.031	
1.80606	150.254	220	
1.80796	125.277	207.987	
1.80986	100.301	195.974	
1.81177	187.147	183.961	
1.81367	136.366	171.948	
1.81558	147.23	156.484	
1.81748	158.095	141.019	
1.81938	103.012	166.973	
1.82129	47.9287	192.927	
1.82319	33.7051	243.904	
1.8251	19.4805	294.882	
1.827	5.25586	282.006	
1.8289	-8.96777	269.13	
1.83081	75.0107	213.973	
1.83271	158.99	241.653	
1.83462	185.625	315.928	
1.83652	212.259	224.53	
1.83842	172.498	228.709	
1.84033	132.737	232.889	
1.84223	196.197	143.878	
1.84413	259.658	137.703	
1.84604	217.03	80.6178	
1.84794	174.402	106.369	
1.84985	174.783	147.653	
1.85175	175.164	106.1	
1.85365	54.4023	26.7957	
1.85556	71.2705	113.165	
1.85746	68.0674	101.165	
1.85937	64.8633	89.1657	
1.86127	59.5098	108.23	
1.86317	54.1563	127.294	
1.86508	48.8027	104.94	
1.86698	43.4492	82.5862	
1.86889	14.082	112.005	
1.87079	-15.2852	141.424	
1.87269	-10.2451	129.424	
1.8746	-5.20508	117.425	
1.8765	-5.89941	100.248	
1.8784	-6.59375	83.0716	
1.88031	70.1279	24.4767	
1.88221	9.2207	-34.1182	
1.88412	-23.0137	-14.8383	
1.88602	-55.248	4.44171	
1.88792	-15.8008	-50.486	
1.88983	23.6465	-105.414	
1.89173	46.6074	-36.0867	
1.89364	69.5674	-49.5961	
1.89554	-73.7725	-104.524	
1.89744	-79.4854	6.22137	
1.89935	-57.2861	-33.1071	
1.90125	-172.716	10.4009	
1.90316	-144.782	12.4907	
1.90506	-116.849	14.5805	
1.90696	-60.96	58.9514	
1.90887	-5.07031	20.4858	
1.91077	-29.4648	-49.0433	
1.91267	-53.8584	-35.7361	
1.91458	-46.7129	-110.335	
1.91648	-39.5674	-19.2605	
1.91839	-32.4219	-5.84546	
1.92029	-25.2754	7.56964	
1.92219	45.666	-67.029	
1.9241	116.608	24.0452	
1.926	161.746	-24.667	
1.92791	69.2539	9.45721	
1.92981	40.5596	65.9084	
1.93171	11.8643	122.36	
1.93362	8.97461	142.57	
1.93552	6.08496	162.78	
1.93743	-26.9111	117.411	
1.93933	-59.9072	72.0429	
1.94123	-58.4961	26.6743	
1.94314	-57.084	-18.6943	
1.94504	-35.2441	0.329529	
1.94695	-13.4033	19.3533	
1.94885	-25.9707	2.13617	
1.95075	-38.5371	-15.0809	
1.95266	-38.2012	-24.5322	
1.95456	-37.8652	48.853	
1.95646	-37.5293	63.5624	
1.95837	-37.1924	-4.56458	
1.96027	-22.8789	-58.3328	
1.96218	-8.56543	53.5719	
1.96408	5.74902	72.2856	
1.96598	20.0625	8.16284	
1.96789	-21.5352	-45.6053	
1.96979	-63.1328	-99.3735	
1.9717	84.5088	-116.901	
1.9736	94.5215	-134.428	
1.9755	15.1123	-113.989	
1.97741	73.3311	-93.5491	
1.97931	79.9395	-31.6914	
1.98122	86.5469	30.1663	
1.98312	13.5889	37.6625	
1.98502	-59.3691	45.1588	
1.98693	16.7695	42.3005	
1.98883	92.9092	39.4423	
1.99073	85.5391	92.5633	
1.99264	78.1699	-19.9886	
1.99454	70.7998	-58.3328	
1.99645	63.4297	68.9958	
1.99835	44.5908	-15.9438	
2.00025	25.7529	-18.0471	
2.00216	-1.68848	-14.9731	
2.00406	-29.1289	-11.8991	
2.00597	77.2959	-3.43207	
2.00787	46.0918	5.03491	
2.00977	-42.457	13.502	
2.01168	6.62207	21.9689	
2.01358	-17.4131	28.7102	
2.01549	-41.4492	35.4514	
2.01739	-22.4756	42.1927	
2.01929	-3.50293	48.9339	
2.0212	5.56934	3.5788	
2.0231	14.6416	-41.7763	
2.025	23.7139	9.51111	
2.02691	32.7861	60.7985	
2.02881	34.6904	19.7578	
2.03072	36.5947	-21.2829	
2.03262	42.7988	-62.3236	
2.03452	49.0039	-103.364	
2.03643	-104.462	-84.0035	
2.03833	-189.113	-64.6426	
2.04024	-193.48	-45.2817	
2.04214	-197.849	-25.9209	
2.04404	-79.6416	-6.56	
2.04595	-76.125	12.8008	
2.04785	-104.147	32.1617	
2.04976	-63.3564	51.5226	
2.05166	-55.4492	40.4669	
2.05356	-47.542	29.4113	
2.05547	-121.352	18.3557	
2.05737	11.2822	7.29999	
2.05928	60.7646	-46.8997	
2.06118	41.4326	-101.099	
2.06308	0.59668	-141.493	
2.06499	28.5752	-43.8256	
2.06689	29.8516	-29.4263	
2.06879	31.1289	-97.8635	
2.0707	2.29883	-214.622	
2.0726	88.1602	-82.8709	
2.07451	62.1982	-53.8027	
2.07641	-32.5781	-107.571	
2.07831	3.10547	-140.63	
2.08022	38.7891	-173.689	
2.08212	-70.9277	-145.807	
2.08403	-111.831	-117.925	
2.08593	-76.752	-90.0436	
2.08783	27.1416	-62.1618	
2.08974	-42.4346	-86.0528	
2.09164	-43.1963	-109.944	
2.09355	-39.6572	-175.253	
2.09545	-36.1172	-240.562	
2.09735	-45.8398	-174.822	
2.09926	13.2529	-109.081	
2.10116	-43.7783	-48.5175	
2.10306	-31.9961	12.0458	
2.10497	29.9639	20.8364	
2.10687	23.1094	-53.2094	
2.10878	-41.0908	-97.9174	
2.11068	-36.4756	-4.56458	
2.11258	-58.6523	58.2638	
2.11449	-149.644	-16.9685	
2.11639	-156.05	-5.91284	
2.1183	-93.6416	5.14276	
2.1202	-7.5791	-16.591	
2.1221	78.4834	-38.3248	
2.12401	107.2	-18.6403	
2.12591	21.2275	1.04413	
2.12782	-10.9844	-9.25653	
2.12972	-43.1963	-19.5571	
2.13162	-82.5762	-29.8578	
2.13353	-121.956	-40.1584	
2.13543	-58.832	-58.2249	
2.13733	4.29297	-76.2914	
2.13924	-51.5742	-35.6822	
2.14114	-38.627	-77.9094	
2.14305	7.09277	-157.807	
2.14495	52.8125	-44.4189	
2.14685	107.134	1.66431	
2.14876	92.6406	-35.089	
2.15066	-0.702148	-51.1331	
2.15257	-94.0449	-67.1773	
2.15447	-42.5918	-88.3987	
2.15637	8.8623	-109.62	
2.15828	-13.5156	-83.8147	
2.16018	-35.8936	-58.0092	
2.16209	-72.6084	-32.2037	
2.16399	5.36816	-6.39825	
2.16589	61.8398	14.23	
2.1678	3.62109	34.8582	
2.1697	31.4199	100.356	
2.1716	-55.4717	27.7934	
2.17351	-132.687	-70.7637	
2.17541	-95.21	-31.2599	
2.17732	-44.8311	-9.01385	
2.17922	5.54687	13.2323	
2.18112	-48.7295	69.1307	
2.18303	-34.1914	125.029	
2.18493	10.4531	134.332	
2.18684	-59.5937	5.57422	
2.18874	-93.4404	-14.5686	
2.19064	-58.4736	-34.7115	
2.19255	-26.373	-63.4831	
2.19445	-63.0879	-92.2548	
2.19636	-154.28	-40.7786	
2.19826	-176.658	10.6976	
2.20016	-100.116	-6.85663	
2.20207	-23.5732	-24.4108	
2.20397	50.5049	-18.3707	
2.20588	9.89258	-12.3305	
2.20778	-23.5508	-47.7086	
2.20968	-56.9951	-83.0867	
2.21159	-51.7305	-79.6351	
2.21349	-46.4668	-76.1836	
2.21539	-79.9102	-181.455	
2.2173	-44.54	-93.4412	
2.2192	-56.4795	-67.1234	
2.22111	-68.4189	-40.8055	
2.22301	-71.7568	-43.8256	
2.22491	-75.0947	-46.8457	
2.22682	-154.414	-73.1635	
2.22872	-164.92	-99.4814	
2.23063	-247.107	-56.7688	
2.23253	-168.729	-14.0563	
2.23443	-114.184	-43.3942	
2.23634	-59.6377	-72.7321	
2.23824	-98.2793	-60.6518	
2.24015	-136.92	-48.5715	
2.24205	-85.959	-65.829	
2.24395	-34.998	-83.0867	
2.24586	-22.7441	-58.926	
2.24776	-10.4912	-34.7654	
2.24966	20.04	-20.0964	
2.25157	-18.2422	-5.42749	
2.25347	-103.834	50.6597	
2.25538	-28.8604	106.747	
2.25728	-13.3809	91.6465	
2.25918	70.9121	76.5461	
2.26109	46.249	61.4457	
2.26299	21.5859	46.3453	
2.2649	46.8311	50.39	
2.2668	72.0762	54.4348	
2.2687	191.941	79.1887	
2.27061	197.116	103.943	
2.27251	202.291	25.5823	
2.27442	138.65	-52.778	
2.27632	49.2061	-127.687	
2.27822	-40.2393	-36.9226	
2.28013	-26.1045	-57.0385	
2.28203	-11.9697	-77.1544	
2.28393	-32.2422	-221.525	
2.28584	-52.5146	-200.223	
2.28774	-53.4336	-119.382	
2.28965	-54.3516	-38.5405	
2.29155	-55.2705	-88.8572	
2.29345	-56.1885	-139.174	
2.29536	-57.4648	-179.81	
2.29726	-58.7422	-54.7734	
2.29917	-2.67383	-22.9277	
2.30107	53.3945	8.91791	
2.30297	48.5342	-8.42059	
2.30488	43.6729	-25.7591	
2.30678	38.8115	-84.5158	
2.30869	33.9512	-143.273	
2.31059	33.2119	-63.9684	
2.31249	32.4727	15.3356	
2.3144	77.6094	-29.6151	
2.3163	53.9326	-74.5657	
2.31821	-57.1963	-51.7803	
2.32011	-53.6348	-28.9949	
2.32201	-110.285	-120.11	
2.32392	-6.37012	-45.5514	
2.32582	72.7266	20.1353	
2.32772	83.0078	85.822	
2.32963	-54.374	92.8329	
2.33153	14.6865	99.8438	
2.33344	17.083	28.7641	
2.33534	19.4805	-42.3156	
2.33724	0.373047	-6.39825	
2.33915	-18.7354	29.5192	
2.34105	-34.9756	-81.0373	
2.34296	-51.2158	-25.9209	
2.34486	-67.4561	5.03491	
2.34676	-83.6963	35.9907	
2.34867	-72.6973	37.6086	
2.35057	-61.6992	39.2266	
2.35248	29.583	-0.573792	
2.35438	120.865	-40.3741	
2.35628	93.5137	10.7784	
2.35819	66.1631	61.931	
2.36009	-25.7012	16.4411	
2.36199	-2.875	-29.0488	
2.3639	-35.9609	3.12042	
2.3658	-69.0459	35.2897	
2.36771	-23.2822	26.0406	
2.36961	-92.208	16.7917	
2.37151	-139.093	-16.8337	
2.37342	-71.2861	-50.459	
2.37532	28.0596	-42.6661	
2.37723	12.7158	-34.8732	
2.37913	-64.9922	-47.7895	
2.38103	-73.8848	-60.7057	
2.38294	-71.3086	-32.2037	
2.38484	-68.7324	-3.70172	
2.38675	-25.7012	-11.6295	
2.38865	17.3301	-19.5571	
2.39055	3.01563	-68.9031	
2.39246	-11.2979	-118.249	
2.39436	28.8662	-92.5244	
2.39626	69.0303	-66.7998	
2.39817	-16.9648	-41.0752	
2.40007	-34.1465	-15.3506	
2.40198	52.252	-102.879	
2.40388	23.96	-190.407	
2.40578	34.377	-98.4567	
2.40769	44.793	-6.5061	
2.40959	30.1201	-45.2817	
2.4115	84.2627	-84.0574	
2.4134	53.8203	-53.8027	
2.4153	92.1924	-23.548	
2.41721	180.562	15.6591	
2.41911	154.241	54.8662	
2.42102	274.151	73.3642	
2.42292	325.247	91.8622	
2.42482	330.466	133.658	
2.42673	404.5	175.454	
2.42863	478.533	196.54	
2.43054	483.752	217.627	
2.43244	458.148	323.06	
2.43434	501.359	428.493	
2.43625	604.782	464.896	
2.43815	593.515	501.299	
2.44005	481.894	554.527	
2.44196	439.086	607.756	
2.44386	350.402	591.955	
2.44577	261.719	576.153	
2.44767	247.158	432.376	
2.44957	232.599	288.599	
2.45148	183.631	241.464	
2.45338	134.663	194.329	
2.45529	67.0586	159.706	
2.45719	-0.545898	125.083	
2.45909	-52.3799	90.46	
2.461	10.4756	55.837	
2.4629	8.63867	35.8829	
2.46481	6.80176	15.9288	
2.46671	12.1328	-24.7344	
2.46861	17.4639	-65.3976	
2.47052	-28.0986	-86.646	
2.47242	-73.6611	-107.894	
2.47432	-38.9404	-98.0792	
2.47623	-4.21973	-88.2639	
2.47813	-1.39648	-0.250183	
2.48004	1.42578	-77.9094	
2.48194	-30.1592	-62.3776	
2.48384	-61.7441	-46.8457	
2.48575	-22.3633	-11.4677	
2.48765	17.0166	23.9104	
2.48956	56.3965	-64.9662	
2.49146	95.7764	-153.843	
2.49336	18.8535	-147.803	
2.49527	-58.0703	-141.762	
2.49717	39.9092	-94.3041	
2.49908	23.1992	-46.8457	
2.50098	-25.0518	5.78998	
2.50288	41.3877	58.4256	
2.50479	83.4561	69.6431	
2.50669	56.71	80.8605	
2.50859	-62.3486	38.7411	
2.5105	-43.7783	-3.37817	
2.5124	-63.917	-4.07922	
2.51431	-84.0547	-4.78033	
2.51621	-142.9	12.639	
2.51811	-64.1182	30.0584	
2.52002	-62.752	-49.1647	
2.52192	-61.3857	-128.388	
2.52383	-19.1602	-70.4131	
2.52573	23.0645	-12.4384	
2.52763	16.5459	36.9075	
2.52954	10.0273	86.2535	
2.53144	94.5439	141.64	
2.53335	-50.3193	58.9649	
2.53525	14.127	12.5312	
2.53715	78.5732	-33.9025	
2.53906	26.7158	-9.90369	
2.54096	-25.1416	14.0952	
2.54287	3.28516	-3.32422	
2.54477	31.7109	-20.7436	
2.54667	24.2969	-13.5709	
2.54858	16.8818	-6.39825	
2.55048	-102.355	35.2897	
2.55238	-83.9648	-5.85895	
2.55429	-17.5479	-121.539	
2.55619	48.8701	-99.1578	
2.5581	20.668	-81.9541	
2.56	-7.53418	18.086	
2.5619	-2.76367	-25.5433	
2.56381	2.00781	-69.1727	
2.56571	-27.6279	-66.2065	
2.56762	-57.2637	-63.2404	
2.56952	-21.5127	-32.4464	
2.57142	14.2383	-1.6524	
2.57333	24.1846	-67.5009	
2.57523	34.1299	-133.349	
2.57714	-44.8086	-74.9432	
2.57904	13.8799	-16.537	
2.58094	-4.84668	-27.1613	
2.58285	-23.5732	-37.7855	
2.58475	-5.56348	-7.31506	
2.58665	12.4463	23.1554	
2.58856	30.457	12.2076	
2.59046	48.4668	1.25983	
2.59237	40.6709	-21.7682	
2.59427	32.876	-44.7964	
2.59617	-9.32715	-26.4063	
2.59808	-51.5293	-8.01611	
2.59998	-3.9502	24.1801	
2.60189	43.6279	56.3763	
2.60379	10.9238	-35.6822	
2.60569	-21.7812	-127.741	
2.6076	-20.0791	-116.254	
2.6095	-18.376	-104.766	
2.61141	17.7334	-24.249	
2.61331	53.8428	56.2684	
2.61521	15.4033	68.187	
2.61712	-23.0361	80.1055	
2.61902	-27.0674	50.6058	
2.62092	-31.0996	21.1061	
2.62283	-66.6719	20.0814	
2.62473	-102.244	19.0567	
2.62664	-134.948	-50.9983	
2.62854	-30.0244	-121.053	
2.63044	-0.0078125	-116.2	
2.63235	30.0088	-111.346	
2.63425	42.8213	-106.492	
2.63616	-81.9941	-101.639	
2.63806	-74.915	-79.0958	
2.63996	-67.8369	-56.5531	
2.64187	-34.9531	-80.6059	
2.64377	-2.06934	-104.659	
2.64568	-18.8242	-35.089	
2.64758	-35.5801	-48.3558	
2.64948	-17.9287	-113.395	
2.65139	-0.277344	-40.3741	
2.65329	19.5254	-80.8216	
2.6552	39.3271	-121.269	
2.6571	59.1289	-34.0104	
2.659	78.9316	-84.8124	
2.66091	51.4238	-93.4412	
2.66281	23.916	-102.07	
2.66471	30.8154	-77.9094	
2.66662	37.7139	-53.7487	
2.66852	71.1357	-72.3007	
2.67043	104.558	-90.8525	
2.67233	11.8193	-67.9863	
2.67423	-80.9189	-45.1199	
2.67614	-84.7715	-67.7705	
2.67804	-88.624	-90.4211	
2.67995	-35.1318	-92.3626	
2.68185	18.3604	-94.3041	
2.68375	3.75488	-76.8307	
2.68566	-10.8496	-59.3575	
2.68756	-68.4639	-41.8842	
2.68947	11.5508	-24.4108	
2.69137	16.7031	-23.2513	
2.69327	21.8545	-22.0919	
2.69518	35.6084	-62.3506	
2.69708	49.3623	-102.609	
2.69898	3.62109	-62.6202	
2.70089	-42.1211	-22.6312	
2.70279	-53.4561	53.5989	
2.7047	-64.79	-8.23187	
2.7066	-42.2549	-47.6277	
2.7085	-19.7207	-87.0236	
2.71041	-31.5928	-66.0178	
2.71231	-43.4648	-45.0121	
2.71422	-23.0801	-31.7723	
2.71612	-2.69629	-18.5325	
2.71802	103.706	-5.29266	
2.71993	72.4795	7.94714	
2.72183	-18.6006	6.1944	
2.72374	27.9473	4.44171	
2.72564	22.8848	-33.5519	
2.72754	17.8223	66.5151	
2.72945	-21.6465	88.0601	
2.73135	-61.1162	109.605	
2.73325	-43.2412	15.5243	
2.73516	-25.3652	-78.5565	
2.73706	-20.751	-74.7006	
2.73897	-16.1367	-70.8445	
2.74087	-11.5215	-108.407	
2.74277	-6.90723	-145.969	
2.74468	-0.859375	-109.324	
2.74658	5.18848	-72.6782	
2.74849	11.2373	-82.6282	
2.75039	17.2852	-92.5783	
2.75229	33.167	-36.4642	
2.7542	49.0488	-63.1865	
2.7561	-16.7861	-131.327	
2.75801	-13.8066	-116.631	
2.75991	44.3672	-103.661	
2.76181	-35.0869	-90.6908	
